actions/checkout,27433
actions/setup-python,5900
actions/cache,5649
actions/upload-artifact,4882
actions/setup-java,3414
shivammathur/setup-php,2468
ruby/setup-ruby,2188
actions/download-artifact,1722
codecov/codecov-action,850
actions/setup-dotnet,735
actions/setup-node,702
github/codeql-action/analyze,692
github/codeql-action/init,692
pypa/gh-action-pypi-publish,503
github/codeql-action/autobuild,494
actions/upload-release-asset,476
actions/stale,394
actions/create-release,392
ramsey/composer-install,386
actions/setup-ruby,386
docker/build-push-action,289
docker/login-action,266
conda-incubator/setup-miniconda,213
docker/setup-buildx-action,204
coverallsapp/github-action,194
microsoft/setup-msbuild,181
jurplel/install-qt-action,167
peter-evans/create-pull-request,167
softprops/action-gh-release,166
ilammy/msvc-dev-cmd,160
gradle/wrapper-validation-action,159
actions/github-script,158
docker/setup-qemu-action,157
nick-invision/retry,156
actionshub/chef-delivery,145
peaceiris/actions-gh-pages,140
pre-commit/action,136
actionshub/chef-install,134
styfle/cancel-workflow-action,131
gaurav-nelson/github-action-markdown-link-check,129
./.github/actions/build,125
actionshub/test-kitchen,125
actions/setup-go,119
actionshub/yamllint,118
actionshub/markdownlint,115
msys2/setup-msys2,110
AndreMiras/coveralls-python-action,110
r-lib/actions/setup-r,108
svenstaro/upload-release-action,104
JamesIves/github-pages-deploy-action,102
release-drafter/release-drafter,98
10up/action-wordpress-plugin-deploy,94
./.github/actions/generate,87
ncipollo/release-action,85
github/codeql-action/upload-sarif,79
dawidd6/action-download-artifact,78
GabrielBB/xvfb-action,75
nanasess/setup-chromedriver,64
laminas/automatic-releases,63
./.github/actions/send-telegram-notify,61
r-lib/actions/setup-pandoc,61
voxmedia/github-action-slack-notify-build,61
lukka/run-vcpkg,57
lukka/get-cmake,56
php-actions/composer,55
stefanzweifel/git-auto-commit-action,53
eskatos/gradle-command-action,52
cachix/install-nix-action,50
nanasess/setup-php,50
actions-rs/toolchain,50
paambaati/codeclimate-action,49
dessant/lock-threads,48
shivammathur/cache-extensions,48
./.github/actions/environment,47
Gottox/irc-message-action,46
ad-m/github-push-action,45
pypa/cibuildwheel,44
rtCamp/action-slack-notify,44
stCarolas/setup-maven,42
puppetlabs/kvrhdn-gha-buildevents,42
google/oss-fuzz/infra/cifuzz/actions/run_fuzzers,41
google/oss-fuzz/infra/cifuzz/actions/build_fuzzers,41
docker/metadata-action,39
s4u/maven-settings-action,39
marvinpinto/action-automatic-releases,38
ros-industrial/industrial_ci,38
peter-evans/create-or-update-comment,37
drusellers/publish-nuget,36
RalfG/python-wheels-manylinux-build,36
peter-evans/repository-dispatch,35
burrunan/gradle-cache-action,35
10up/action-wordpress-plugin-asset-update,34
dependabot/fetch-metadata,34
fkirc/skip-duplicate-actions,33
galaxyproject/planemo-ci-action,33
psf/black,32
mstachniuk/ci-skip,32
lukka/run-cmake,32
EnricoMi/publish-unit-test-result-action,32
addnab/docker-run-action,31
zendesk/checkout,31
./.github/actions/ctest,30
snok/install-poetry,30
ammaraskar/gcc-problem-matcher,30
webfactory/ssh-agent,30
samuelmeuli/action-maven-publish,29
zendesk/setup-ruby,29
8398a7/action-slack,29
reactivecircus/android-emulator-runner,29
nuget/setup-nuget,29
google-github-actions/setup-gcloud,28
jessfraz/branch-cleanup-action,28
pat-s/always-upload-cache,28
./.github/actions/install-ubuntu,27
archive/github-actions-slack,27
actions-rs/cargo,27
./,27
scacap/action-surefire-report,27
rectalogic/notify-irc,26
gsactions/commit-message-checker,26
elgohr/Publish-Docker-Github-Action,26
seanmiddleditch/gha-setup-ninja,25
shimataro/ssh-key-action,25
mxschmitt/action-tmate,25
./.github/actions/pack_and_deploy,25
supercharge/mongodb-github-action,25
oat-sa/extension-release-action,24
whelk-io/maven-settings-xml-action,24
oat-sa/conventional-commit-action,24
andstor/file-existence-action,24
docker://oskarstark/doctor-rst,24
actions/labeler,24
lazy-actions/slatify,24
EndBug/add-and-commit,24
uraimo/run-on-arch-action,24
joschi/setup-jdk,23
supercharge/redis-github-action,23
codacy/codacy-coverage-reporter-action,23
aws-actions/configure-aws-credentials,23
s-weigand/setup-conda,23
vmactions/freebsd-vm,23
jakejarvis/s3-sync-action,22
actions/first-interaction,22
brandedoutcast/publish-nuget,22
docker://oskarstark/php-cs-fixer-ga,22
./.github/actions/tool-setup,22
twisted/python-info-action,22
tue-robotics/tue-env/ci/main,21
octokit/request-action,21
github/super-linter,21
dorny/paths-filter,21
textbook/git-checkout-submodule-action,21
dawidd6/action-send-mail,21
MSP-Greg/setup-ruby-pkgs,21
camptocamp/initialise-gopass-summon-action,21
hendrikmuhs/ccache-action,21
jwlawson/actions-setup-cmake,20
elastic/elastic-github-actions/elasticsearch,20
julianoes/Publish-Docker-Github-Action,20
r7kamura/rubocop-problem-matchers-action,20
gradle/gradle-build-action,20
srggrs/assign-one-project-github-action,19
azjezz/setup-hhvm,19
satackey/action-docker-layer-caching,19
azure/docker-login,19
ridedott/merge-me-action,19
mikepenz/action-junit-report,19
abatilo/actions-poetry,18
BSFishy/pip-action,18
enthought/setup-edm-action,18
codespell-project/actions-codespell,18
malinskiy/action-android/install-sdk,17
DoozyX/clang-format-lint-action,17
php-actions/phpunit,17
superbrothers/close-pull-request,16
dawidd6/action-publish-gem,16
getsentry/paths-filter,16
py-actions/py-dependency-install,16
AButler/upload-release-assets,16
docker://oskarstark/phpstan-ga,16
mirromutth/mysql-action,16
crazy-max/ghaction-github-pages,16
./.github/actions/cmake_config,16
christian-draeger/read-properties,16
peaceiris/actions-hugo,15
joerick/cibuildwheel,15
maxim-lobanov/setup-xcode,15
niden/actions-memcached,15
gittools/actions/gitversion/setup,15
varunsridharan/action-repository-meta,15
ScaCap/action-surefire-report,15
dessant/repo-lockdown,15
benc-uk/workflow-dispatch,15
harmon758/postgresql-action,15
getong/mariadb-action,15
AdoptOpenJDK/install-jdk,15
gittools/actions/gitversion/execute,15
varunsridharan/action-vs-utility,15
olafurpg/setup-scala,15
Homebrew/actions/setup-homebrew,15
rjstone/discord-webhook-notify,15
turleypol/actions-status-discord,15
r-lib/actions/pr-fetch,15
r-lib/actions/pr-push,15
aabadie/riot-action,15
egor-tensin/setup-cygwin,15
cachix/cachix-action,15
ammaraskar/sphinx-action,14
sudo-bot/action-scrutinizer,14
crazy-max/ghaction-docker-meta,14
kiegroup/github-action-build-chain,14
dotnet/nbgv,14
crazy-max/ghaction-chocolatey,14
docker://puppet/pdk:nightly,14
andstor/copycat-action,14
act10ns/slack,14
ahmadnassri/action-dependabot-auto-merge,13
chekalsky/phpcs-action,13
SonarSource/gh-action_release/main,13
korelstar/xmllint-problem-matcher,13
cypress-io/github-action,13
android-actions/setup-android,13
ChristophWurst/xmllint-action,13
avsm/setup-ocaml,13
trilom/file-changes-action,13
appleboy/scp-action,12
battila7/get-version-action,12
cirrus-actions/rebase,12
micnncim/action-label-syncer,12
arduino/arduino-lint-action,12
shogo82148/actions-upload-release-asset,12
carlosperate/download-file-action,12
NuGet/setup-nuget,12
WyriHaximus/github-action-get-previous-tag,12
./.github/actions,12
aktions/codeclimate-test-reporter,12
pascalgn/automerge-action,12
tibdex/github-app-token,12
repo-sync/pull-request,12
codacy/codacy-analysis-cli-action,12
nelonoel/branch-name,12
./.github/actions/build-and-test,12
andrewmcodes/rubocop-linter-action,11
Gr1N/setup-poetry,11
./.github/actions/cmake,11
larsoner/circleci-artifacts-redirector-action,11
skx/github-action-publish-binaries,11
jimschubert/query-tag-action,11
SonarSource/gh-action_release/maven-central-sync,11
geekyeggo/delete-artifact,11
SonarSource/gh-action_release/download-build,11
ASzc/change-string-case-action,11
./.github/actions/ubuntu-prerequisites,11
./.github/actions/setup-sentry,11
jfrog/setup-jfrog-cli,11
suisei-cn/actions-download-file,11
./.github/actions/install,11
MarkusJx/install-boost,11
arduino/compile-sketches,11
./.github/actions/setup,10
hmarr/auto-approve-action,10
jrl-umi3218/github-actions/upload-package,10
tibdex/backport,10
./.github/actions/install-macos,10
docker://composer,10
./.github/actions/install-dependencies,10
azure/login,10
xmake-io/github-action-setup-xmake,10
technote-space/get-diff-action,10
volttron/volttron-build-action,10
OctopusDeploy/install-octopus-cli-action,10
k0kubun/action-slack,10
jrl-umi3218/github-actions/create-release,10
./.github/actions/build-sub,10
OctopusDeploy/push-package-action,10
snapcore/action-build,10
symfonycorp/security-checker-action,10
OctopusDeploy/create-release-action,10
korelstar/phplint-problem-matcher,10
jrl-umi3218/github-actions/build-package-native,10
InsightSoftwareConsortium/ITKClangFormatLinterAction,10
juliangruber/read-file-action,10
POV-Ray/povray/.github/actions/git_check_repo,10
Particular/virus-scan-action,10
turtlebrowser/get-conan,9
ros-tooling/setup-ros,9
toolmantim/release-drafter,9
haya14busa/action-cond,9
azure/webapps-deploy,9
appleboy/ssh-action,9
./.github/actions/fluentlenium-maven-install,9
./.github/actions/perf,9
liskin/gh-problem-matcher-wrap,9
Ilshidur/action-slack,9
returntocorp/semgrep-action,9
peter-evans/slash-command-dispatch,9
aws-actions/amazon-ecr-login,9
crowdin/github-action,9
cylc/release-actions/configure-git,9
mattnotmitt/doxygen-action,9
cycjimmy/semantic-release-action,9
volta-cli/action,9
rohith/publish-nuget,9
Codesee-io/codesee-map-action,9
./.github/actions/artifacts,9
technote-space/workflow-conclusion-action,9
perl-actions/install-with-cpanm,9
docker://takanabe/github-actions-automate-projects:v0.0.1,9
mstksg/get-package,9
docker://nyholm/roave-bc-check-ga,9
scottbrenner/generate-changelog-action,9
ocaml/setup-ocaml,9
bruceadams/get-release,9
frabert/replace-string-action,9
cake-build/cake-action,8
s4u/setup-maven-action,8
bahmutov/npm-install,8
wearerequired/lint-action,8
shallwefootball/s3-upload-action,8
sreimers/pr-dependency-action,8
./.github/actions/default,8
ammaraskar/msvc-problem-matcher,8
r-lib/actions/setup-tinytex,8
./.github/actions/tune-runner-vm,8
cadwallion/publish-rubygems-action,8
shogo82148/actions-setup-perl,8
leafo/gh-actions-lua,8
crazy-max/ghaction-import-gpg,8
egor-tensin/setup-mingw,8
goreleaser/goreleaser-action,8
seanmiddleditch/gha-setup-vsdevenv,8
azure/CLI,8
docker://aeonphp/automation:latest,8
xbmc/action-kodi-addon-checker,8
mattermost/action-mattermost-notify,8
git-for-windows/setup-git-for-windows-sdk,8
lgeiger/black-action,7
golangci/golangci-lint-action,7
arduino/report-size-deltas,7
./.github/actions/upload-coverage,7
pufferpanel/download-artifacts,7
wagoid/commitlint-github-action,7
ankane/setup-postgres,7
seL4/ci-actions/gitlint,7
JS-DevTools/npm-publish,7
phpDocumentor/phar-ga,7
github/ossar-action,7
sobolevn/misspell-fixer-action,7
mheap/phpunit-matcher-action,7
./.github/actions/setup-php-composer,7
darenm/Setup-VSTest,7
docker://quay.io/pypa/manylinux2014_aarch64,7
rlespinasse/github-slug-action,7
SamKirkland/FTP-Deploy-Action,7
dangoslen/changelog-enforcer,7
gr2m/create-or-update-pull-request-action,7
seL4/ci-actions/link-check,7
dokku/github-action,7
glennawatson/ChangeLog,7
./.github/actions/composer/composer/install,7
docker://lpenz/ghaction-cmake:0.15,7
seL4/ci-actions/git-diff-check,7
seL4/ci-actions/bashisms,7
jidicula/clang-format-action,7
./.github/actions/meson,7
nttld/setup-ndk,7
pantsbuild/actions/run-tox,7
slackapi/slack-github-action,7
./.github/actions/composer/composer/determine-cache-directory,7
leafo/gh-actions-luarocks,7
seL4/ci-actions/license-check,7
mymindstorm/setup-emsdk,7
dorny/test-reporter,7
Roang-zero1/github-upload-release-artifacts-action,7
seL4/ci-actions/style,7
goanpeca/setup-miniconda,7
tue-robotics/tue-env/ci/commit-range,6
mamba-org/provision-with-micromamba,6
puppetlabs/Gamesight-slack-workflow-status,6
fedora-python/tox-github-action,6
./.github/actions/copr-build,6
glennawatson/coverlet-msbuild,6
espressif/github-actions/sync_issues_to_jira,6
johnwbyrd/update-release,6
matlab-actions/setup-matlab,6
gocom/action-textpattern-package-plugin,6
TrueBrain/actions-flake8,6
warrenbuckley/Setup-MSBuild,6
cylc/release-actions/build-python-package,6
hashicorp/setup-terraform,6
docker://guite/generator-action:latest,6
puppetlabs/peter-evans-create-pull-request,6
myci-actions/add-deb-repo,6
actionshub/kitchen-dokken,6
sonarsource/sonarcloud-github-action,6
michaeljolley/aggregit,6
./.github/actions/pkginstall,6
jrl-umi3218/github-actions/install-dependencies,6
dschep/install-poetry-action,6
getsentry/action-github-app-token,6
dsaltares/fetch-gh-release-asset,6
casperdcl/deploy-pypi,6
actions-ecosystem/action-regex-match,6
xbmc/action-kodi-addon-submitter,6
bytedeco/javacpp-presets/.github/actions/deploy-centos,6
jupyterhub/action-major-minor-tag-calculator,6
./.github/actions/integration-tests,6
./.github/actions/download-qt,6
r0adkll/sign-android-release,6
./support/actions/checkout-spinn-deps,6
KeisukeYamashita/memcached-actions,6
samuelmeuli/action-snapcraft,6
kamiazya/setup-graphviz,6
xarray-contrib/ci-trigger,6
crazy-max/ghaction-github-labeler,6
axel-op/googlejavaformat-action,6
digipost/action-maven-publish,6
rbialon/flake8-annotations,6
homoluctus/slatify,6
docker://guite/zikula-action:latest,6
varunsridharan/action-apigen,6
browser-actions/setup-firefox,6
peter-evans/create-or-update-project-card,6
actions-ecosystem/action-remove-labels,6
dev-drprasad/delete-tag-and-release,6
WyriHaximus/github-action-helm3,6
skitionek/notify-microsoft-teams,6
./.github/actions/setup-ci,6
pozetroninc/github-action-get-latest-release,6
cla-assistant/github-action,6
./.github/actions/setup-postgres,6
seL4/ci-actions/trigger,6
tue-robotics/tue-env/ci/modified-packages,6
bobheadxi/deployments,6
glennawatson/setup-msbuild,6
snapcore/action-publish,6
akhilerm/tag-push-action,6
julia-actions/setup-julia,6
docker://puppet/iac_release:ci,6
cylc/release-actions/check-shortlog,6
jrl-umi3218/github-actions/build-cmake-project,6
FedericoCarboni/setup-ffmpeg,6
scarhand/actions-ruby,6
relekang/python-semantic-release,5
khan/pull-request-comment-trigger,5
usds/cloud-gov-cli,5
hpcc-systems/skip-duplicate-actions,5
varunsridharan/action-wp-org-deploy,5
egor-tensin/vs-shell,5
meeDamian/github-release,5
gradle-update/update-gradle-wrapper-action,5
c-hive/gha-remove-artifacts,5
mshick/add-pr-comment,5
jannekem/run-python-script-action,5
./support/actions/check-copyrights,5
./support/actions/sphinx,5
burnett01/rsync-deployments,5
crazy-max/ghaction-docker-buildx,5
ilammy/setup-nasm,5
./.github/actions/load-image-from-cache,5
POV-Ray/povray/.github/actions/unix_make,5
laminas/laminas-continuous-integration-action,5
rtCamp/action-phpcs-code-review,5
matlab-actions/run-command,5
n1hility/cancel-previous-runs,5
apple-actions/import-codesign-certs,5
ts-graphviz/setup-graphviz,5
ros-tooling/action-ros-ci,5
eregon/use-ruby-action,5
potiuk/cancel-workflow-runs,5
brpaz/hadolint-action,5
dschep/install-pipenv-action,5
fusion-engineering/setup-git-credentials,5
deadsnakes/action,5
seravo/action-wordpress-plugin-asset-update,5
pierotofy/set-swap-space,5
bytedeco/javacpp-presets/.github/actions/deploy-macosx,5
ibiqlik/action-yamllint,5
getsentry/action-prepare-release,5
s0/git-publish-subdir-action,5
OskarStark/php-cs-fixer-ga,5
nwtgck/actions-netlify,5
peter-evans/find-comment,5
./support/actions/python-tools,5
FranzDiebold/github-env-vars-action,5
robotology/gh-action-nightly-merge,5
./.github/actions/build-ruby,5
laminas/laminas-ci-matrix-action,5
azure/setup-kubectl,5
anothrNick/github-tag-action,5
kappmeier/github-actions-maven-release,5
ankane/setup-mysql,5
thollander/actions-comment-pull-request,5
jrl-umi3218/github-actions/build-conan-package,5
./.github/actions/apt-get-qt-deps,5
m1ner79/Github-Twittction,5
./.github/actions/ansible-tests,5
g-actions/composer-action,5
gerbal/always-cache,5
sot/setup-miniconda,5
docker://ganeti/ci:buster-py3,5
jitterbit/get-changed-files,5
ankane/setup-mariadb,5
technote-space/create-pr-action,5
sualeh/prepare-maven-build,5
glennawatson/signclient,5
r0adkll/upload-google-play,5
./support/actions/run-setup,5
softprops/turnstyle,5
prestashop/github-action-php-lint/7.3,4
Pendect/action-rsyncer,4
jstastny/publish-gem-to-github,4
rumblefrog/setup-sp,4
pantsbuild/actions/expose-pythons,4
reviewdog/action-shellcheck,4
helaili/jekyll-action,4
./dockerfiles,4
kevinpainchaud/simple-ftp-deploy-action,4
getgauge/setup-gauge,4
actions-ecosystem/action-add-labels,4
vmiklos/notify-irc,4
rickstaa/action-black,4
py-actions/flake8,4
phpDocumentor/phpstan-ga,4
WyriHaximus/github-action-wait-for-status,4
chetan/invalidate-cloudfront-action,4
POV-Ray/povray/.github/actions/get_source_version,4
jenkins-infra/jenkins-maven-cd-action,4
benjlevesque/short-sha,4
camptocamp/backport-action,4
GoogleCloudPlatform/release-please-action,4
kanga333/comment-hider,4
aormsby/Fork-Sync-With-Upstream-action,4
srvaroa/labeler,4
./.github/.release/actions/actions/checks/release,4
JasonEtco/is-sponsor-label-action,4
ryankurte/action-apt,4
JuliaRegistries/TagBot,4
paulfantom/periodic-labeler,4
Azure/static-web-apps-deploy,4
unsplash/comment-on-pr,4
arduino/setup-arduino-cli,4
heinrichreimer/github-changelog-generator-action,4
exercism/github-actions/configlet-ci,4
r-lib/actions/setup-r-dependencies,4
prestashop/github-action-php-lint/7.2,4
ravsamhq/notify-slack-action,4
SonarSource/sonarcloud-github-action,4
strangerstudios/action-wp-pot-po-mo-generator,4
easimon/maximize-build-space,4
erlef/setup-beam,4
returntocorp/bento-action,4
docker://lpenz/omnilint:v0.2,4
mltframework/s3cmd-action,4
./.github/.release/actions/actions/services/github-release,4
dawidd6/action-homebrew-bump-formula,4
roots/issue-closer,4
getsentry/action-visual-snapshot,4
./support/actions/pylint,4
gleam-lang/setup-erlang,4
peter-evans/close-issue,4
./.github/,4
aws-actions/stale-issue-cleanup,4
./src/builder,4
skjolber/maven-cache-github-action,4
WyriHaximus/github-action-next-semvers,4
calibreapp/image-actions,4
Brightspace/third-party-actions,4
shogo82148/actions-setup-redis,4
POV-Ray/povray/.github/actions/unix_prebuild,4
./support/actions/pytest,4
charmixer/auto-changelog-action,4
huaxk/postgis-action,4
m-kuhn/backport,4
PrestaShopCorp/github-action-clean-before-deploy,4
warrenbuckley/Setup-Nuget,4
ankane/setup-mongodb,4
Particular/run-tests-action,4
./.github/actions/setup-linux,4
dlang-community/setup-dlang,4
Vampire/setup-wsl,4
wearerequired/action-wordpress-plugin-asset-update,4
wanduow/action-cloudsmith-upload-packages,4
./.github/actions/config-cc,4
./.github/actions/setup-python,4
JasonEtco/upload-to-release,4
./.github/actions/run-tests,4
./.github/.release/actions/actions/commands,4
docker://oskarstark/php-cs-fixer-ga:2.19.0,4
octokit/graphql-action,4
./.github/actions/deepen-to-merge-base,4
artob/gitstamp-action,4
JasonEtco/create-an-issue,4
montudor/action-zip,4
WebFreak001/deploy-nightly,4
gap-actions/setup-gap-for-packages,4
reggionick/s3-deploy,4
tcurdt/action-verify-version-maven,4
TimonVS/pr-labeler-action,4
woocommerce/action-build,4
zendesk/cache,4
getsentry/action-release,4
fiam/arm-none-eabi-gcc,4
./.github/actions/download-qtc,4
TrinityCore/GitHub-Actions,4
prestashop/github-action-php-lint/5.6,4
jenkins-infra/verify-ci-status-action,4
cmb69/setup-php-sdk,4
malinskiy/action-android/emulator-run-cmd,4
aws-actions/closed-issue-message,4
docker://lpenz/ghaction-packagecloud:v0.3,4
jimschubert/beast-changelog-action,4
jenkins-infra/interesting-category-action,4
devmasx/merge-branch,4
zhulik/redis-action,4
bytedeco/javacpp-presets/.github/actions/deploy-ubuntu,4
wmde/git-monorepo-splice-docker-action,4
puppets-epic-show-theatre/action-pdk-validate,3
docker://localheinz/composer-normalize-action:0.5.2,3
crate-ci/typos,3
WyriHaximus/github-action-jwage-changelog-generator,3
docker://antonyurchenko/git-release:latest,3
DamianReeves/write-file-action,3
WyriHaximus/github-action-create-milestone,3
aws-actions/amazon-ecs-render-task-definition,3
K-Phoen/semver-release-action,3
aquasecurity/trivy-action,3
gabrielfalcao/pyenv-action,3
./.github/actions/apt-get/install,3
docker://decathlon/wiki-page-creator-action:latest,3
reugn/github-action-aerospike,3
./.github/actions/install-native-libs,3
peter-evans/rebase,3
atlassian/gajira-login,3
docker://phpdoc/phpunit-ga:latest,3
rokroskar/workflow-run-cleanup-action,3
cylc/release-actions/stage-2/get-version-from-pr,3
actions/setup-elixir,3
SonarSource/gh-action_nightly_build,3
cylc/release-actions/create-pr,3
wei/curl,3
./.github/actions/checks-action,3
./.github/actions/arm-linux-gnueabi,3
jakejarvis/wait-action,3
docker://odolbeau/swarrot-phpqa:latest,3
marceloprado/has-changed-path,3
datamade/python-wheels-manylinux-build,3
divvun/actions/version,3
cylc/release-actions/stage-1/checkout-pr-branch,3
./.github/actions/label-when-approved-action,3
char0n/swagger-editor-validate,3
mikehardy/buildcache-action,3
pkg-src/github-action-git-bash,3
haya14busa/action-workflow_run-status,3
./.github/actions/install-chrome,3
browser-actions/setup-chrome,3
joncloud/makensis-action,3
jamescurtin/isort-action,3
divvun/actions/setup,3
wemake-services/wemake-python-styleguide,3
pufferpanel/build-deb,3
./src/.github/workflows/custom-actions/build-docs,3
cylc/release-actions/stage-1/sanitize-inputs,3
docker://vimeo/psalm-github-actions,3
glpi-project/tools/github-actions/build-package,3
robotpy/build-actions/install-robotpy-build,3
sqlalchemyorg/upload-release-assets,3
earwig/python-wheels-manylinux-build,3
seL4/ci-actions/camkes-test,3
reviewdog/action-actionlint,3
manimaul/android-builder-action,3
rtCamp/action-wordpress-org-plugin-deploy,3
metcalfc/changelog-generator,3
Ilshidur/action-discord,3
robotpy/build-actions/ping-meta,3
ShiftLeftSecurity/scan-action,3
atlassian/gajira-create,3
divvun/actions/create-txz,3
divvun/actions/pahkat/init,3
peter-evans/dockerhub-description,3
cclauss/Find-Python-syntax-errors-action,3
sbeyer/include-guards-check-action,3
docker://antoinealb/cvra-ci:latest,3
bilelmoussaoui/flatpak-github-actions/flatpak-builder,3
past-due/fetch-release-info,3
aws-actions/amazon-ecs-deploy-task-definition,3
Raul6469/android-gradle-action,3
nikeee/docfx-action,3
./.github/actions/skip-duplicate-actions,3
tspascoal/get-user-teams-membership,3
divvun/actions/deploy,3
cpina/github-action-push-to-another-repository,3
docker://jhass/crystal:1.0.0-alpine-build,3
WyriHaximus/github-action-composer-php-versions-in-range,3
edge/simple-slack-notify,3
reviewdog/action-suggester,3
rhaschke/industrial_ci,3
./.github/actions/annotate,3
docker://cdssnc/auto-commit-github-action,3
Jimver/cuda-toolkit,3
fsfe/reuse-action,3
dwenegar/upload-release-assets,3
julia-actions/julia-buildpkg,3
chabad360/hugo-gh-pages,3
xt0rted/block-autosquash-commits-action,3
docker://jhass/crystal:1.0.0-build,3
Homebrew/actions/check-commit-format,3
./.github/checkout-madx,3
tvdias/github-tagger,3
shogo82148/actions-setup-mysql,3
erlef/setup-elixir,3
docker://ergebnis/composer-normalize-action,3
broadinstitute/dsp-appsec-trivy-action,3
./.github/actions/check-tsc,3
WyriHaximus/github-action-get-milestones,3
InsightSoftwareConsortium/ITKApplyClangFormatAction,3
mheap/github-action-required-labels,3
dpryan79/github-actions/,3
WyriHaximus/github-action-set-milestone,3
deliverybot/deployment-status,3
POV-Ray/povray/.github/actions/windows_build,3
pnpm/action-setup,3
mknejp/delete-release-assets,3
jmarrec/setup-qtifw,3
check-spelling/check-spelling,3
docker://gcr.io/cloud-builders/bazel,3
POV-Ray/povray/.github/actions/unix_configure,3
akhileshns/heroku-deploy,3
./support/actions/vera,3
uw-it-aca/actions/cicd-deploy,3
edwardspec/github-action-build-mediawiki,3
canastro/copy-action,3
cylc/release-actions/stage-2/comment-on-pr,3
EndBug/latest-tag,3
./.github/actions/build_pandas,3
faberNovel/github-changelog-generator-action,3
arkon/issue-closer-action,3
mikepenz/release-changelog-builder-action,3
olegtarasov/get-tag,3
andrewmusgrave/automatic-pull-request-review,3
hadolint/hadolint-action,3
cylc/release-actions/stage-1/create-release-pr,3
seL4/ci-actions/repo-checkout,3
andymckay/labeler,3
timheuer/base64-to-file,3
maxheld83/ghpages,3
banyan/auto-label,3
singingwolfboy/build-dpkg-stretch,3
pact-foundation/release-gem,3
jesusvasquez333/verify-pr-label-action,3
jsk-ros-pkg/jsk_travis,3
peter-evans/commit-comment,3
cylc/release-actions/stage-1/update-changelog-release-date,3
fleskesvor/create-release,3
Codesee-io/codesee-detect-languages-action,3
reitermarkus/rerun-workflow,3
cylc/release-actions/stage-1/set-python-package-version,3
dfm/rtds-action,3
amancevice/setup-code-climate,3
danielpalme/ReportGenerator-GitHub-Action,3
phpDocumentor/coding-standard,3
jrl-umi3218/github-actions/upload-documentation,3
bytedeco/javacpp-presets/.github/actions/deploy-windows,3
DeLaGuardo/setup-clojure,3
docker://github/super-linter:v3,3
dart-lang/setup-dart,3
ashutoshvarma/action-cmake-build,3
singingwolfboy/build-dpkg-buster,3
Homebrew/actions/label-pull-requests,3
digitalocean/action-doctl,3
cylc/release-actions/checkout-copyright-branch,3
./.github/actions/test,3
./.github/actions/build_ci,3
treebeardtech/nbmake-action,3
kanga333/variable-mapper,3
puppets-epic-show-theatre/action-pdk-test-unit,3
seL4/ci-actions/sel4test-sim,3
robotpy/build-actions/build-wheel,3
alex-page/github-project-automation-plus,3
POV-Ray/povray/.github/actions/unix_getlibs,3
fnkr/github-action-ghr,3
leleliu008/github-actions-vagrant,2
yanzay/notify-telegram,2
bootique-tools/export-maven-coordinates-action,2
tgstation/gbp-action,2
./.github/actions/test-report-dispatch,2
docker://colomoto/conda-builder:latest,2
the-events-calendar/action-s3-utility,2
baztian/coveralls-python-action,2
errata-ai/vale-action,2
./src/.github/workflows/custom-actions/test-packager,2
SeyfSV/setup-mqclient,2
iRoachie/slack-github-actions,2
Apple-Actions/download-provisioning-profiles,2
./.github/actions/setup-cache,2
github-actions-x/commit,2
docker://fsfe/reuse,2
ammaraskar/sphinx-problem-matcher,2
asdf-vm/actions/install,2
julia-actions/julia-processcoverage,2
discourse/publish-rubygems-action,2
flarum/action-build,2
./support/actions/install-matplotlib,2
docker://decathlon/release-notes-generator-action:3.1.5,2
ridedott/dependabot-auto-merge-action,2
apexskier/github-release-commenter,2
pCYSl5EDgo/cat,2
diddlesnaps/snapcraft-multiarch-action,2
shalzz/zola-deploy-action,2
sudo-bot/action-doctum,2
erclu/check-crlf,2
SonarSource/gh-action_LT_release,2
php-actions/phpstan,2
./src/.github/workflows/custom-actions/lint-packager,2
nosborn/github-action-markdown-cli,2
mozmeao/checkout,2
wzieba/Firebase-Distribution-Github-Action,2
stefanluptak/delete-old-pr-artifacts,2
divvun/actions/codesign,2
miurahr/install-linuxdeploy-action,2
mathieudutour/github-tag-action,2
eine/tip,2
codfish/semantic-release-action,2
garygrossgarten/github-action-scp,2
./.github/actions/yum/install,2
yookoala/upload-release-asset,2
seL4/ci-actions/manifest-deploy,2
docker://decathlon/release-notes-generator-action:2.0.1,2
salsify/action-detect-and-tag-new-version,2
googleapis/code-suggester,2
warchant/setup-sonar-scanner,2
./.github/actions/setup-npm-node-modules,2
toshimaru/auto-author-assign,2
SublimeText/syntax-test-action,2
rrainn/dynamodb-action,2
snyk/actions/ruby,2
home-assistant/builder,2
tj-actions/branch-names,2
dcodeIO/setup-node-nvm,2
./.github/actions/path-diff,2
./.github/actions/autotools,2
hennejg/github-tag-action,2
docker://jakzal/phpqa:php7.3-alpine,2
thomaseizinger/keep-a-changelog-new-release,2
zendesk/setup-java,2
get-woke/woke-action,2
numworks/setup-msys2,2
micronaut-projects/github-actions/export-gradle-properties,2
./.github/actions/run-benchmarks,2
spacetelescope/action-publish_to_pypi/build-sdist,2
selul/action-wordpress-plugin-asset-update,2
seL4/ci-actions/sel4test-hw-run,2
desktop-app/action_code_updater,2
jaroldwong/ecr-push-and-ecs-deploy,2
robotpy/build-actions/validate-sphinx,2
vapier/coverity-scan-action,2
nexmo/github-actions/nexmo-changelog,2
DIRACGrid/pr-sweeper,2
google-github-actions/upload-cloud-storage,2
moderntribe/action-tribe-phpcs,2
dawidd6/action-get-tag,2
jwalton/gh-find-current-pr,2
chindit/actions-phpstan,2
snyk/actions/iac,2
haskell/actions/setup,2
./support/actions/apt-get-install,2
codevise/documentation-js-action,2
spacetelescope/action-publish_to_pypi/validate,2
./support/actions/validate-xml,2
r-lib/actions/check-r-package,2
docker://ubuntu:16.04,2
paulhatch/semantic-version,2
wip/action,2
Happypig375/github-action-benchmark,2
reviewdog/action-cpplint,2
prestashopcorp/github-action-php-cs-fixer,2
home-assistant/wheels,2
reviewdog/action-hadolint,2
juliangruber/sleep-action,2
morrisoncole/pr-lint-action,2
robotpy/github-action-scp,2
OskarStark/phpstan-ga,2
zeek/ci-email-action,2
akhilmhdh/contributors-readme-action,2
samuelmeuli/lint-action,2
reviewdog/action-eslint,2
docker://phpga/composer-require-checker-ga,2
ankane/setup-elasticsearch,2
crazy-max/ghaction-github-status,2
Homebrew/actions/git-user-config,2
koj-co/dependabot-pr-action,2
papeloto/action-zip,2
oleg-nenashev/jenkins-release-drafter,2
docker://pandoc/latex:2.9,2
docker://oskarstark/php-cs-fixer-ga:2.16.1,2
ethomson/send-tweet-action,2
dawidd6/action-debian-package,2
google/mirror-branch-action,2
avto-dev/markdown-lint,2
snickerbockers/submodules-init,2
azure/setup-helm,2
mislav/bump-homebrew-formula-action,2
simplybusiness/version-forget-me-not,2
Apple-Actions/upload-testflight-build,2
./.github/workflows/build-linux-ext,2
julia-actions/julia-runtest,2
ludeeus/action-shellcheck,2
./util/ci/actions/archlinux-test,2
crazy-max/ghaction-dump-context,2
robotpy/build-actions/test-native-wheel,2
vitalyliber/dokku-github-action,2
at-wat/setup-gh-pr-comment,2
skymatic/code-sign-action,2
chromaui/action,2
getong/elasticsearch-action,2
wei/git-sync,2
docker://s390x/python:3.8-buster,2
thomasjpfan/labeler,2
limjh16/jekyll-action-ts,2
seL4/ci-actions/camkes-vm,2
avengerpenguin/biscuit,2
drdanz/rebase,2
checkstyle/contribution/comment-action,2
seL4/ci-actions/march-of-platform,2
./.github/actions/get-workflow-origin,2
getsentry/action-github-commit,2
GoogleCloudPlatform/cloud-opensource-java/linkage-monitor,2
actions-rs/audit-check,2
eregon/publish-release,2
docker://golang:latest,2
zulip/github-actions-zulip/send-message,2
technote-space/toc-generator,2
jacobtomlinson/gha-find-replace,2
CasperWA/postgresql-action,2
peter-evans/create-issue-from-file,2
nikosmoum/auto-assign-reviewer-team,2
ffurrer2/extract-release-notes,2
enonic/release-tools/publish-vars,2
juankaram/sentry-release,2
wbari/start-mongoDB,2
jwalton/gh-docker-logs,2
bcomnes/cleanup-xvfb,2
./client-engineering-deployment-tools/actions/mock-server,2
rhysd/action-setup-vim,2
simp/github-action-gitlab-ci-pipeline-trigger,2
./.github/actions/publish-to-aur,2
docker://ergebnis/composer-root-version-action:0.1.3,2
docker://ergebnis/composer-normalize-action:latest,2
peter-evans/close-pull,2
DataDog/labeler,2
Azure/powershell,2
edgedb/action-release/validate-pr,2
./.github/workflows/actions/manylinux2014_x86_64,2
robotpy/build-actions/install-build-deps,2
git-for-windows/get-azure-pipelines-artifact,2
./.github/actions/composite/test-info,2
docker://quay.io/pypa/manylinux2014_s390x,2
microsoft/DevSkim-Action,2
superfly/flyctl-actions,2
maxkomarychev/oction-create-issue,2
RollyPeres/base64-to-path,2
steebchen/kubectl,2
cognisant/code-review-checklist,2
./.github/actions/download-mingw,2
Homebrew/actions/setup-commit-signing,2
einaregilsson/build-number,2
ada-actions/toolchain,2
GitGuardian/gg-shield-action,2
rhaschke/install-catkin_lint-action,2
./.github/actions/deploy-artifactory,2
szenius/set-timezone,2
chrnorm/deployment-status,2
technote-space/assign-author,2
spacetelescope/action-publish_to_pypi/build-wheel,2
GuillaumeFavelier/actions-codespell,2
spacetelescope/action-publish_to_pypi/publish,2
superchargejs/redis-github-action,2
mschilde/auto-label-merge-conflicts,2
ashutoshvarma/setup-ninja,2
docker://decathlon/release-notes-generator-action:2.0.0,2
checkmarx-ts/checkmarx-cxflow-github-action,2
thefringeninja/action-minver,2
docker://oskarstark/php-cs-fixer-ga:3.0.0,2
./.github/actions/build_and_check,2
TomasVotruba/github-action-monorepo-split,2
nev7n/wait_for_response,2
./src/.github/workflows/custom-actions/build-packager,2
nbprojekt/gource-action,2
seL4/ci-actions/sel4test-hw,2
isort/isort-action,2
yogevbd/enforce-label-action,2
docker://arm64v8/python:3.8-buster,2
home-assistant/actions/helpers/git-init,2
devbotsxyz/xcode-notarize,2
tiangolo/issue-manager,2
akerl/github-action-slack-notify-build,2
docker://iquiw/alpine-emacs,2
sarisia/actions-status-discord,2
gagoar/invoke-aws-lambda,2
github/super-linter/slim,2
jsmrcaga/action-netlify-deploy,2
lannonbr/issue-label-manager-action,2
ros-tooling/action-ros-lint,2
reviewdog/action-rubocop,2
smartsquaregmbh/delete-old-packages,2
gap-actions/compile-documentation-for-packages,2
Zomzog/changelog-checker,2
YetiForceCompany/YetiForceCRM-Tests/coverage,2
filipstefansson/uuid-action,2
jen20/action-docker-build,2
macmade/action-slack,2
chenall/grub4dos-build,2
roots/issue-closer-action,2
openwrt/gh-action-sdk,2
./.github/actions/package-macos,2
two-pack/redmine-plugin-test-action,2
wildfly/dep-tree-diff,2
zendesk/action-create-release,2
EthanSK/git-branch-name-action,2
mhausenblas/mkdocs-deploy-gh-pages,2
./actions/wp-plugin-deploy,2
c-hive/gha-npm-cache,2
gap-actions/run-test-for-packages,2
fac/ruby-gem-push-action,2
chabad360/htmlproofer,2
actions/setup-haskell,2
ktomk/run-travis-yml,2
home-assistant/actions/helpers/version-push,2
seL4/ci-actions/preprocess,2
SonarSource/gh-action_dogfood_merge,2
raboof/release-drafter,2
Apple-Actions/import-codesign-certs,2
docker-practice/actions-setup-docker,2
spyoungtech/mirror-action,2
./.github/actions/glob,2
JimCronqvist/action-ssh,2
naveenrajm7/rpmbuild,2
falconindy/arch-dockerbuild,2
aki77/simplecov-report-action,2
NyanKiyoshi/pytest-django-queries-ci-tools,2
jungwinter/comment,2
ibexa/version-logic-action,2
Eun/http-server-action,2
egor-tensin/setup-gcc,2
eps1lon/actions-label-merge-conflict,2
actions-hub/docker,2
home-assistant/actions/helpers/info,2
fastify/github-action-merge-dependabot,2
reviewdog/action-remark-lint,2
POV-Ray/povray/.github/actions/git_bundle_ignored,2
kielabokkie/ssh-key-and-known-hosts-action,2
docker://hadolint/hadolint:v1.18.2,2
deliverybot/status,2
./.github/actions/podman-mlr,2
BSFishy/meson-build,2
ksokol/github-release-action,2
diddlesnaps/snapcraft-review-tools-action,2
xresloader/upload-to-github-release,2
adamkdean/simple-slack-notify,2
karancode/yamllint-github-action,2
symplify/github-action-monorepo-split,2
al-cheb/configure-pagefile-action,2
ibexa/changelog-generator-action,2
tibdex/autosquash,2
simp/github-action-gitlab-ci-syntax-check,2
christian-korneck/update-container-description-action,2
docker://python:3.8,1
asadmansr/Firebase-Test-Lab-Action,1
getgauge-contrib/artifact_as_comment,1
FriendsOfREDAXO/installer-action,1
NasAmin/trx-parser,1
./.github/actions/build-windows,1
the-coding-owl/action-typo3-extension-repository-upload,1
ArminJo/arduino-test-compile,1
./src/Fast-DDS/.github/actions/install-gtest,1
qcastel/github-actions-maven-release,1
browniebroke/hacktoberfest-labeler-action,1
puppetlabs/action-litmus_parallel,1
robotpy/build-actions/install-pure-build-deps,1
davidanthoff/julia-pkgbutler,1
localheinz/composer-normalize-action,1
webiny/action-post-run,1
ergo720/auto-close-issues,1
litusproject/composer-install-action,1
splunk/pink-panther,1
redhat-actions/buildah-build,1
w3c/spec-prod,1
seL4/ci-actions/l4v-deploy,1
Dunning-Kruger/lock-issues,1
fountainhead/action-wait-for-check,1
houseofmaldorne/rsync-deploy,1
codelytv/pr-size-labeler,1
nerrad/automations,1
./.github/actions/package-launchpad,1
docker://i386/ubuntu:18.04,1
lukka/set-shell-env,1
jwgmeligmeyling/checkstyle-github-action,1
Roang-zero1/factorio-mod-luacheck,1
martincostello/update-dotnet-sdk,1
home-assistant/actions/helpers/verify-version,1
frankdejonge/use-ssh-agent,1
jpetrucciani/bandit-check,1
reviewdog/action-setup,1
philr/setup-ruby,1
tonynv/asciidoctor-action,1
docker://docker.io/ilyam8/periodic-pr-labeler:v0.1.0,1
ibakshay/greet-contributors-action,1
docker://phpdoc/phpcs-ga:latest,1
./.github/actions/codecov-action,1
aliyun/acr-login,1
imjohnbo/gh-polls-bot-action,1
andymckay/pycodestyle-action,1
Thog/action-equals,1
vishnudxb/redis-cluster,1
fregante/setup-git-user,1
cicirello/jacoco-badge-generator,1
docker://ghcr.io/github/super-linter:slim-v4,1
fanzeyi/bump-homebrew-formula-action,1
hpi-swa/setup-smalltalkCI,1
docker://su2code/build-su2-cross:latest,1
enonic/release-tools/generate-changelog,1
tim-actions/dco,1
vsoch/pull-request-action,1
docker://github/super-linter:v2.2.0,1
schneegans/dynamic-badges-action,1
zyborg/pester-tests-report,1
roryprimrose/set-vs-sdk-project-version,1
submitty/action-dependabot-title-fixer,1
./.github/actions/post-release,1
srt32/uptime,1
KengoTODA/sonar-update-center-action,1
MSP-Greg/ruby-setup-ruby,1
./.github/workflows/build-macos-ext,1
tgvaughan/MultiTypeTree,1
apache/skywalking-eyes,1
m4nu56/postgresql-action,1
litusproject/phpstan-action,1
Atrox/codecov-action,1
ChrisCarini/intellij-platform-plugin-verifier-action,1
./actions/backport,1
getsentry/forked-action-lock-threads,1
lpenz/ghaction-pytest-cov,1
./.github/actions/deploy,1
docker://quay.io/pypa/manylinux2010_x86_64,1
docker://lpenz/ghaction-version-gen:0.3,1
jenschelkopf/issue-label-notification-action,1
actions-rs/clippy-check,1
mikeal/merge-release,1
wei/wget,1
johanmeiring/mysql-action,1
aperloff/gitlab-mirror-and-ci-action,1
dev-drprasad/delete-older-releases,1
chrnorm/deployment-action,1
davatorium/auto-close-issues,1
easingthemes/ssh-deploy,1
dbfx/github-phplint/8.0,1
radcortez/project-metadata-action,1
ThiefMaster/changed-files-action,1
pradyunsg/auto-label-merge-conflicts,1
sunnysid3up/python-linter,1
Automattic/action-commit-to-branch,1
./projects/github-actions/repo-gardening,1
antoinealb/clang-format-action,1
srt32/git-actions,1
getsentry/action-wait-for-check,1
jandelgado/gcov2lcov-action,1
xu-cheng/texlive-action/full,1
./.github/actions/deploy-launchpad,1
miyataka/elastic-github-actions/elasticsearch,1
johanvanhelden/gha-clover-test-coverage-check,1
thinca/action-setup-vim,1
uw-it-aca/actions/gcr-push,1
docker://ubuntu:bionic,1
mongodb-labs/drivers-evergreen-tools,1
mad9000/actions-find-and-replace-string,1
jpetrucciani/mypy-check,1
tgstation/CodeOwnersParser,1
bytedeco/javacpp-presets/.github/actions/redeploy,1
./.github/actions/package-windows,1
thomaseizinger/create-pull-request,1
./.github/.release/actions/actions/services/composer,1
kanaka/get-changed-files,1
iamsauravsharma/create-dotenv,1
tonyhallett/artifacts-url-comments,1
./.github/actions/setup-windows,1
camunda/bump-versions-action,1
fjogeleit/http-request-action,1
enriikke/gatsby-gh-pages-action,1
./.github/workflows/fedora33,1
zooniverse/label-when-approved-action,1
containerbuildsystem/actions/shellcheck,1
jaapio/keelsh-deploy,1
jwgmeligmeyling/spotbugs-github-action,1
docker://antonyurchenko/git-release:v4,1
snyk/actions/php,1
mysociety/action-git-pusher,1
nils-org/dependabot-cake-action,1
GoogleCloudPlatform/github-actions/setup-gcloud,1
lee-dohm/close-matching-issues,1
technote-space/create-project-card-action,1
seL4/ci-actions/aws-proofs,1
snyk/actions/setup,1
olivernybroe/action-conflict-finder,1
patrickjahns/version-drafter-action,1
SPalominos/PostGIS-Installer-Action,1
getgauge-contrib/auto_update_pr,1
at-wat/catkin-release-action,1
nasa-gibs/trufflehog-actions-scan,1
shyim/junit-report-annotations-action,1
marcocarvalho/check_if_merged,1
bazelbuild/setup-bazelisk,1
JeremySkinner/global-json-dotnet-install,1
dbfx/github-phplint/7.2,1
Clinical-Genomics/bump2version-ci,1
YetiForceCompany/YetiForceCRM-Tests/percona-mysql-5.7,1
samin/mysql-action,1
pascalgn/npm-publish-action,1
tim-actions/get-pr-commits,1
docker://aaubry/yamldotnet-syntax-checker:latest,1
miloserdow/capistrano-deploy,1
w9jds/firebase-action,1
arma-actions/sqflint,1
./tools/dockerfiles/alpine,1
r-lib/actions/run-rchk,1
Icinga/docker-icinga2,1
docker://hemtt/hemtt:0.6.1,1
overtrue/phplint,1
little-core-labs/get-git-tag,1
smashwilson/az-infra/actions/azsync,1
andrewmcodes/bundler-audit-action,1
./.github/actions/sphinx-build-all,1
mstksg/setup-stack,1
jtalk/url-health-check-action,1
./.github/actions/enable-safari,1
yogstation13/DreamAnnotate,1
sqren/backport-github-action,1
julia-actions/julia-docdeploy,1
openzim/docker-publish-action,1
apache/airflow-cancel-workflow-runs,1
home-assistant/actions/helpers/version,1
snyk/actions/maven-3-jdk-11,1
./.github/.release/actions/actions/services/github-pages,1
sormuras/download-jdk,1
buildpacks/github-actions/setup-pack,1
./.github/actions/build-number,1
AppImageCrafters/build-appimage-action,1
./.github/workflows/actions/manylinux2014_x86_64/,1
suyash/actions-bazelisk,1
nikitasavinov/checkstyle-action,1
./.github/actions/configure-aws-credentials,1
StephaneBour/actions-php-cpd,1
browserstack/github-actions/setup-env,1
YetiForceCompany/YetiForceCRM-Tests/7.4,1
larrylawl/Auto-Github-Issue-Labeller,1
microsoft/RichCodeNavIndexer,1
./.github/actions/update-ghpages,1
robotology/gh-action-squash,1
umutphp/php-var-dump-check-action,1
./.github/actions/close-bot,1
elgohr/Github-Release-Action,1
chindit/actions-phpcs,1
tylerjw/industrial_ci,1
docker://thomasjpfan/twitter-action:0.3,1
veracode/veracode-pipeline-scan-results-to-sarif,1
./.github/actions/setup-macos,1
reviewdog/action-misspell,1
fastlane/github-actions/communicate-on-pull-request-released,1
mtanzi/action-automerge,1
ecampidoglio/cake-action,1
YetiForceCompany/YetiForceCRM-Tests/7.3,1
./.github/actions/centos8,1
fregante/release-with-changelog,1
./.github/actions/install-windows,1
./.github/actions/mapnik/build-and-install,1
StephaneBour/actions-php-security-checker,1
tgstation/RequestReviewFromUser,1
newrelic/repolinter-action,1
cygwin/cygwin-install-action,1
./.github/actions/milestone-management,1
./.github/actions/pyunittest-in-sl7-docker,1
./.github/actions/pycodestyle-in-sl7-docker,1
yuya-takeyama/docker-tag-from-github-ref-action,1
zeebe-io/backport-action,1
docker://srzzumix/lizard,1
JoshuaTheMiller/conditional-build-matrix,1
game-ci/unity-request-activation-file,1
talbring/jenkins-release-drafter,1
jd-0001/gh-action-comment-on-new-issue,1
arthurnn/code-scanning-rubocop/rubocop-action,1
plettich/action-codespell,1
coditory/changelog-parser,1
docker://oskarstark/php-cs-fixer-ga:2.15.3,1
docker://exakat/exakat-ga,1
docker://r.j3ss.co/pepper,1
./projects/github-actions/pr-is-up-to-date,1
macmade/action-xcodebuild,1
ldeluigi/mtg-fetch-action,1
litusproject/php-codesniffer-action,1
./monorepo/projects/github-actions/push-to-mirrors,1
dessant/label-actions,1
RIOT-OS/check-labels-action,1
./.github/actions/test-php74,1
fcakyon/conda-publish-action,1
UnicornGlobal/has-changes-action,1
./.github/actions/pylint-in-sl7-docker,1
alisw/pull-request,1
opf/action-rubocop,1
fcurella/gh-action-bump2version,1
betwo/github-setup-catkin,1
syphar/restore-pip-download-cache,1
itsmeow/curseforge-upload,1
WyriHaximus/github-action-composer.lock-diff,1
JetBrains/qodana-action,1
dentarg/postgres,1
tgstation/tgs-dmapi-updater,1
uw-it-aca/actions/python-linters,1
xTVaser/first-interaction,1
./.github/actions/deploy_docs,1
glassechidna/artifact-cleaner,1
action-hero/actions/rubocop,1
hole19/git-tag-action,1
joutvhu/get-release,1
Harmon758/postgresql-action,1
seL4/ci-actions/camkes-unit,1
Codeinwp/action-pr-merged-announcer,1
seL4/ci-actions/seL4-manual,1
./.github/actions/configure-and-build,1
./.github/actions/linux-alpine-node-12/,1
jwgmeligmeyling/pmd-github-action,1
./sources/nuttx/.github/actions/ci-container,1
./.github/actions/linux-alpine-node-16/,1
i3h/download-release-asset,1
JJ/issue-greeting-action,1
egor-tensin/cleanup-path,1
horochx/deploy-via-scp,1
codespell-project/codespell-problem-matcher,1
rojopolis/spellcheck-github-actions,1
dieghernan/cff-validator,1
lemonarc/jekyll-action,1
zkoss/check-pr-files-action,1
Li357/jekyll-deploy-gh-pages,1
whywaita/setup-lxd,1
someimportantcompany/github-actions-slack-message,1
docker://oskarstark/phpstan-ga:0.12.88,1
booxmedialtd/ws-action-parse-semver,1
kciter/aws-ecr-action,1
starburst997/github-action-benchmark,1
zricethezav/gitleaks-action,1
fregante/daily-version-action,1
tomwhross/write-good-action,1
docker://bitnami/openldap,1
g4s8/pdd-action,1
SwiftDocOrg/github-wiki-publish-action,1
./.github/actions/docs-prerequisites,1
./.github/.release/actions/actions/services/maven,1
spoutn1k/mcmap-benchmark,1
jakejarvis/hugo-build-action,1
MinoruSekine/setup-scoop,1
clementine-player/clang-format-lint-action,1
andrewmcodes/standardrb-action,1
docker://github/super-linter:v3.17.2,1
Morishiri/block-merge-commits-action,1
Alfresco/alfresco-build-tools/.github/actions/setup-jx-release-version,1
KyleMayes/install-llvm-action,1
KSXGitHub/github-actions-deploy-aur,1
Renato66/auto-label,1
subosito/flutter-action,1
./.github/actions/linux-alpine-node-14/,1
tgvaughan/bacter,1
LadyCailin/azure-table-storage-upload,1
grassedge/git-pr-release-action,1
m273d15/java-format-action,1
ministryofjustice/opg-repository-scanner,1
./.github/actions/generate-doc,1
bright-tools/clang-format-action,1
alexleventer/github-issue-due-dates-action,1
./tools/dockerfiles/cpack-rpm-build,1
julia-actions/julia-codeformat,1
nanasess/composer-installer-action,1
docker://oskarstark/php-cs-fixer-ga:2.16.6,1
chores-dev/set-milestone-action,1
shinhwagk/actions-crypto,1
./action-a,1
Azure/k8s-deploy,1
whoan/docker-build-with-cache-action,1
crazy-max/ghaction-upx,1
spoutn1k/clang-format-action,1
srfrnk/current-time,1
uw-it-aca/actions/cicd-housekeeping,1
containerbuildsystem/actions/tekton-lint,1
zing-actions/setup-java,1
richardsimko/update-tag,1
docker/docker-login-action,1
kamatama41/hide-pr-comments-action,1
Alfresco/alfresco-build-tools/.github/actions/setup-updatebot,1
./.github/actions/apache/configure,1
forward3d/gh-gem-tag-action,1
cbrwizard/semver-release-action,1
reviewdog/action-yamllint,1
docker://su2code/test-su2:20191031,1
wmde/git-filter-repo-docker-action,1
desktop-app/action_issue_closer,1
shallwefootball/upload-s3-action,1
percy/storybook-action,1
samuelcolvin/codecov-action,1
hpcc-systems/msvc-dev-cmd,1
kounoike/action-textlint,1
fac/ruby-gem-setup-credentials-action,1
./.github/actions/api-docs,1
rinx/setup-graalvm-ce,1
thenabeel/action-phpcs,1
linuxgemini/github-upload-release-artifacts-action,1
bubkoo/auto-comment,1
jaywcjlove/changelog-generator,1
Actions-R-Us/actions-tagger,1
./.github/.release/actions/actions/services/pypi,1
skeet70/default-project-board-action,1
dbfx/github-phplint/7.3,1
flcdrg/remove-release-asset-action,1
docker://github/super-linter:latest,1
aahmed-se/setup-maven,1
nuuday/github-changelog-action,1
elprans/gh-action-create-release,1
redhat-actions/push-to-registry,1
./.github/workflows/build-win-ext,1
AkhileshNS/heroku-deploy,1
ankane/setup-sqlserver,1
egorpugin/sw-action,1
nixbuild/nix-quick-install-action,1
YetiForceCompany/YetiForceCRM-Tests/mariadb-10.6,1
google-github-actions/deploy-appengine,1
lycheeverse/lychee-action,1
./.github/workflows/actions_aarch64/build_manylinux2014/,1
reviewdog/action-languagetool,1
skymatic/semver-validation-action,1
fnkr/github-action-git-bash,1
juarezr/firebirdsql-github-action,1
docker://r.j3ss.co/github-dev,1
yokawasa/action-sqlcheck,1
tubone24/update_release,1
HorstBaerbel/action-cmake,1
actions/script,1
./src/Fast-DDS/.github/actions/install-apt-packages,1
cvmfs-contrib/github-action-cvmfs,1
docker://php:7.3-cli,1
webispy/checkpatch-action,1
mstimberg/github-calc-nep29,1
s3krit/matrix-message-action,1
aurelien-baudet/workflow-dispatch,1
./.github/actions/upload-package,1
./.github/actions/pre-release,1
Gamesight/slack-workflow-status,1
docker://ghcr.io/enricomi/publish-unit-test-result-action:v1,1
treosh/lighthouse-ci-action,1
uw-it-aca/actions/cicd-context,1
docker://gittools/gitversion:5.1.4-linux,1
sbrunner/merge-me-action,1
github/codespaces-precache,1
fcurella/gh-action-label-to-semver,1
hramos/needs-attention,1
JoeMatt/action-swiftlint,1
Mudlet/lupdate-action,1
fcurella/gh-action-next-version,1
./.github/lint-xml-configuration,1
qxip/please-star-light,1
HorstBaerbel/action-clang-tidy,1
HorstBaerbel/action-clang-format,1
at-wat/bloom-release-action,1
nexmo/github-actions/nuget-release,1
getsentry/size-limit-action,1
geertvdc/setup-hub,1
limitusus/json-syntax-check,1
camunda-community-hub/community-action-maven-release,1
./.github/actions/download-release-asset,1
tomasnorre/typo3-upload-ter,1
SonarSource/gh-action_SL_updatep2,1
Itsblue/download-release-assets-action,1
wanduow/action-bintray-upload-debian-packages,1
seL4/ci-actions/camkes-hw,1
rojopolis/envkey-action,1
edgedb/action-release/merge,1
./.github/actions/debian,1
skjnldsv/read-package-engines-version-actions,1
opf/action-eslint,1
MobSF/mobsfscan,1
./.github/actions/build-documentation,1
daniel86/junit-report-annotations-action,1
tj-actions/eslint-changed-files,1
./.github/actions/build-docs,1
seporaitis/rpmbuild-centos7-github-action,1
whatnick/wait-action,1
./.github/workflows/actions/test_nodejs,1
ATLauncher/release-atlauncher-action,1
past-due/create-pull-request,1
getong/redis-action,1
Bullrich/generate-release-changelog,1
GeneaLabs/action-reviewdog-phpmd,1
mr-smithers-excellent/docker-build-push,1
MCKanpolat/auto-semver-action,1
kurocha/setup-cpp,1
hazelcast/github-jira-tool-action,1
thedoctor0/zip-release,1
gimmyxd/rtc-action,1
pullreminders/slack-action,1
CharMixer/auto-changelog-action,1
smashwilson/az-infra/actions/azbuild,1
aws-actions/aws-cloudformation-github-deploy,1
5monkeys/cobertura-action,1
adRise/update-pr-branch,1
travisj/build-number-action,1
Doist/android-emulator-runner,1
flux-framework/pr-validator,1
docker://pyscf/pyscf-conda-env:latest,1
systemd/mkosi,1
./.github/actions/install-pipenv,1
seL4/ci-actions/standalone-kernel,1
JRubics/poetry-publish,1
gregsdennis/dependencies-action,1
justforlxz/deepin-git-action,1
Daniel-Marynicz/postgresql-action,1
kt3k/license_checker,1
ashutoshgngwr/validate-fastlane-supply-metadata,1
richardsimko/github-tag-action,1
hecrj/setup-rust-action,1
Dolibarr/stale,1
tgstation/round_linker,1
lsegal/github-release-from-changelog-action,1
dbfx/github-phplint/7.4,1
Burnett01/rsync-deployments,1
jmarrec/rubocop-composite-action,1
netlify/actions/cli,1
docker://pyscf/pyscf-pypa-env:latest,1
home-assistant/actions/helpers/codenotary,1
docker://github/super-linter:v2.1.1,1
lewagon/wait-on-check-action,1
fastlane/github-actions/fastlane-env-reminder,1
Lukasss93/telegram-action,1
tinovyatkin/action-php-codesniffer,1
ZedThree/clang-tidy-review,1
docker://webfactory/composer-require-checker:3.2.0,1
brianmay/docker-meta,1
saucelabs/sauce-connect-action,1
getnikola/nikola-action,1
david-a-wheeler/flawfinder,1
kolpav/purge-artifacts-action,1
xoviat/actions-pytest,1
./.github/actions/setup-environment,1
codevise/sassdoc-action,1
2m/arch-pkgbuild-builder,1
seL4/ci-actions/cparser-run,1
./.github/actions/iwyu,1
tclindner/sentry-releases-action,1
DuckSoft/create-7z-action,1
fauguste/auto-cancellation-running-action,1
yuzutech/annotations-action,1
mikefarah/yq,1
./.github/actions/style-check,1
repo-sync/github-sync,1
cloudsmith-io/action,1
amannn/action-semantic-pull-request,1
docker://pandoc/core:2.13,1
kentaro-m/task-completed-checker-action,1
yoavain/Setup-CSC,1
Azure/aks-set-context,1
automattic/action-required-review,1
./.github/workflows/actions/test_php,1
./.github/actions/deploy-artifact-to-azure-windows-vm,1
reviewdog/action-vint,1
piotrpawlaczek/python-blacken,1
Azure/pipelines,1
docker://su2code/test-su2:20200303,1
mpi4py/setup-mpi,1
sebastian-palma/github-action-push-to-another-repository,1
./.github/actions/centos7,1
EventStore/Automations/cherry-pick-pr-for-label,1
prince-chrismc/label-merge-conflicts-action,1
xu-cheng/texlive-action/small,1
s-u/R-actions/pkg-check,1
azure/functions-action,1
jelovirt/bump-homebrew-formula-action,1
rdarida/simple-github-pages-deploy-action,1
Gr1n/setup-poetry,1
submitty/action-pr-title,1
seporaitis/rpmbuild-centos6-github-action,1
pullpreview/action,1
frankdejonge/use-subsplit-publish,1
maxim-lobanov/setup-xamarin,1
technote-space/broken-link-checker-action,1
airtower-luna/convert-to-sarif,1
aio-libs/create-release,1
docker://decathlon/pull-request-labeler-action:2.0.0,1
TheDoctor0/zip-release,1
sonots/slack-notice-action,1
slavcodev/coverage-monitor-action,1
edplato/trufflehog-actions-scan,1
getsentry/action-migrations,1
actionsx/prettier,1
wmde/dependabot-gerrit-action,1
bacongobbler/azure-blob-storage-upload,1
browniebroke/pre-commit-autoupdate-action,1
peter-evans/s3-backup,1
g4s8/xcop-action,1
robinraju/release-downloader,1
ruzickap/action-my-markdown-linter,1
MikeEdgar/github-action,1
danielr1996/envsubst-action,1
fcurella/gh-action-update-changelog,1
StephaneBour/actions-php-cs-fixer,1
./.github/actions/github-push-action,1
sobolevn/restrict-cursing-action,1
chkfung/android-version-actions,1
dbfx/github-phplint/5.5,1
actions-x/commit,1
mozmeao/repository-mirroring-action,1
ericpre/sphinx-action,1
valadas/set-dnn-manifest-versions,1
./.github/actions/draft-release,1
oleksiyrudenko/gha-git-credentials,1
Graylog2/create-pull-request,1
puppetlabs/action-litmus_spec,1
EventStore/Automations/pr-check,1
tfsec/tfsec-sarif-action,1
./.github/actions/linux-node-12/,1
fastlane/github-actions/lock,1
getsentry/action-html-to-image,1
appleboy/gh-pages-action,1
akerl/upload-artifact,1
anshulrgoyal/upload-s3-action,1
iyu/actions-milestone,1
defensecode/thunderscan-action,1
Arduino-CI/action,1
hmanzur/actions-set-secret,1
aws-actions/aws-codebuild-run-project,1
Illarion-eV/Illarion-Docker-Version,1
hidakatsuya/setup-diff-pdf,1
codespell-project/sort-problem-matcher,1
cicirello/javadoc-cleanup,1
djordon/git-autotag-action,1
nucleos/auto-merge-action,1
norio-nomura/action-swiftlint,1
Azure/docker-login,1
akerl/action-checkout,1
./src/Fast-DDS/.github/actions/install-python-packages,1
./.github/.release/actions/actions/services/rubygems,1
docker://python,1
linz/linz-software-repository,1
./.github/workflows/build-jekyll-site-action,1
MeilCli/danger-action,1
kkak10/pr-number-action,1
hmarr/debug-action,1
egor-tensin/setup-clang,1
./.github/actions/setup-boost,1
scherermichael-oss/action-has-permission,1
sigmonsays/dpkg-buildpackage-go,1
actions/delete-package-versions,1
ansible/ansible-lint-action,1
bernardo-mg/deployment-maven-settings-action,1
docker://vimeo/psalm-github-actions:4.9.3,1
lots0logs/gh-action-get-changed-files,1
containerbuildsystem/actions/flake8,1
pufferpanel/build-rpm,1
technote-space/pr-commit-body-action,1
dbfx/github-phplint/5.6,1
POV-Ray/povray/.github/actions/github_create_release,1
asarium/clang-tidy-action,1
rickstaa/sphinx-action,1
./.github/actions/composite/setup-win-llvm,1
Wayland-Smithy/emoji-stripper-action,1
macmade/action-msbuild,1
jasonleenaylor/nunit-reporter,1
./.github/actions/bats-in-sl7-docker,1
mindsers/changelog-reader-action,1
hhvm/actions/hack-lint-test,1
manusa/actions-publish-docker,1
PrestaShopCorp/github-action-lint-js/14,1
docker://lpenz/ghaction-python-stdeb:0.3,1
azure/k8s-set-context,1
YetiForceCompany/YetiForceCRM-Tests/8.0,1
POV-Ray/povray/.github/actions/windows_build_installer,1
deployphp/action,1
sand4rt/ftp-deployer,1
usefulness/diffuse-action,1
docker://jruby:1.7.27,1
borales/actions-yarn,1
siimon/milestone-check-action,1
kannansuresh/jekyll-blog-archive-workflow,1
docker://su2code/build-su2:20191105,1
alialaa/issue-action,1
pixta-dev/repository-mirroring-action,1
technote-space/auto-cancel-redundant-job,1
DeLaGuardo/setup-graalvm,1
liri-infra/qmllint-action,1
robotpy/build-actions/build-sdist,1
./.github/actions/add-to-release,1
nanoufo/action-upload-artifacts-and-release-assets,1
peaceiris/actions-label-commenter,1
docker/bake-action,1
justincy/github-action-npm-release,1
mridang/action-phpstorm,1
thooams/rubocop-action,1
wpilibsuite/import-signing-certificate,1
ankane/setup-opensearch,1
valadas/get-release-branch-version,1
containerbuildsystem/actions/markdownlint,1
docker://ghcr.io/buildpacks/actions/registry/request-add-entry:4.0.0,1
JackMcKew/pyinstaller-action-windows,1
con/tributors,1
fcurella/gh-status-check,1
gerrymanoim/pr-prefix-labeler,1
Yikun/hub-mirror-action,1
musps/action-deployer-php,1
maierj/fastlane-action,1
google-github-actions/release-please-action,1
10up/actions-wordpress/dotorg-plugin-deploy,1
gnuradio/clang-format-lint-action,1
peaceiris/actions-mdbook,1
QwerMike/xpath-action,1
coursier/cache-action,1
aarnott/nbgv,1
github/issue-labeler,1
thomaseizinger/create-release,1
check-run-reporter/action,1
./.github/workflows/appimage/,1
./support/actions/configure-spynnaker,1
platisd/clang-tidy-pr-comments,1
bubkoo/welcome-action,1
imciner2/run-lcov,1
z0al/dependent-issues,1
docker://ghcr.io/danger/danger-js:10.6.6,1
./tools/dockerfiles/ubuntu-bionic-x86,1
rcode5/keep-prs-up-to-date,1
nvuillam/mega-linter/flavors/php,1
./.github/workflows/actions/test_core,1
Icinga/docker-icingaweb2,1
mskelton/changelog-reminder-action,1
sphinx-notes/pages,1
./.github/workflows/actions/test_trogdord,1
docker://ghcr.io/enricomi/publish-unit-test-result-action:v1.6,1
./.github/workflows/actions/build-manylinux/,1
sub-mod/github-action,1
./.github/actions/label-cleanup,1
./.github/actions/archlinux,1
natanlao/perl-critic-action,1
crondaemon/close-pr,1
duderman/rubocop-annotate-action,1
ben-z/actions-comment-on-issue,1
tj-actions/changed-files,1
home-assistant/actions/helpers/vcn,1
actions-rs/install,1
ahmadnassri/action-commit-lint,1
the-events-calendar/action-tribe-phpcs,1
actions-hub/docker/login,1
./.github/scripts/ci/readme_metadata_style_check,1
./.github/action-deploy,1
lightstep/lightstep-action-predeploy,1
dmnemec/copy_file_to_another_repo_action,1
./src/Fast-DDS/.github/actions/fetch-fastdds-repos,1
CareMessagePlatform/merge-branch,1
test-room-7/action-update-file,1
seferov/pr-lint-action,1
airvzxf/cache-anything-new-action,1
docker://oskarstark/php-cs-fixer-ga:latest,1
game-ci/unity-builder,1
docker://oskarstark/phpstan-ga:0.12.25,1
Codeinwp/verify-linked-issue-action,1
skaut/wordpress-version-checker,1
zattoo/changelog,1
daneden/enable-automerge-action,1
fregante/title-to-labels-action,1
wangchucheng/git-repo-sync,1
robotpy/build-actions/ping-rtd,1
tgvaughan/EpiInf,1
StevenDufresne/wp-theme-validation-action-experiment,1
goto-bus-stop/standard-action,1
lee-dohm/no-response,1
turleypol/release_action_dist,1
jenkey2011/vuepress-deploy,1
suo/flake8-github-action,1
TriPSs/conventional-changelog-action,1
HorstBaerbel/action-ctest,1
./.github/actions/create-package,1
micronaut-projects/github-actions/release-notes,1
DuckSoft/extract-7z-action,1
frankdejonge/use-github-token,1
